instance,method,distance,vehicles,ontime_mean,ontime_p05,ontime_p50,ontime_p95,tard_mean,n_customers,K
C101,SAA16-b0p3,890.0,10,20.0,20.0,20.0,20.0,588.7371127208545,100,200
RC101,SAA16-b0p3,1792.0,16,27.09,26.0,27.0,29.0,100.04933830053531,100,200
C101,Q120,,0,,,,,,0,200
RC101,Q120,,0,,,,,,0,200
C101,Gamma1,1495.526,12,24.0,24.0,24.0,24.0,506.83707185758584,100,200
RC101,Gamma1,,0,,,,,,0,200
