instance,method,distance,vehicles,ontime_mean,ontime_p05,ontime_p50,ontime_p95,tard_mean,n_customers,K
C103,SAA16-b0p3,916.0,10,50.995,51.0,51.0,51.0,250.2346756782076,100,200
RC103,SAA16-b0p3,1379.0,12,34.675,27.950000000000003,35.0,41.0,81.54588715848166,100,200
C103,Q120,,0,,,,,,0,200
RC103,Q120,,0,,,,,,0,200
C103,Gamma1,1235.549,10,52.925,51.0,53.0,55.0,228.52415466090264,100,200
RC103,Gamma1,2223.757,16,48.975,44.0,49.0,55.0,54.498120155801516,100,200
