instance,method,distance,vehicles,ontime_mean,ontime_p05,ontime_p50,ontime_p95,tard_mean,n_customers,K
C106,SAA16-b0p3,888.0,10,23.125,23.0,23.0,24.0,507.39392892842227,100,200
RC106,SAA16-b0p3,1533.0,14,32.725,31.0,33.0,35.0,94.16830459153726,100,200
C106,Q120,,0,,,,,,0,200
RC106,Q120,,0,,,,,,0,200
C106,Gamma1,1231.544,11,22.125,22.0,22.0,23.0,476.4425160083681,100,200
RC106,Gamma1,2231.18,18,39.09,37.0,39.0,41.0,56.179074748358,100,200
