instance,method,distance,vehicles,ontime_mean,ontime_p05,ontime_p50,ontime_p95,tard_mean,n_customers,K
C107,SAA16-b0p3,881.0,10,23.0,23.0,23.0,23.0,482.83553896535443,100,200
RC107,SAA16-b0p3,1355.0,12,33.885,27.0,34.0,39.0,91.02078118669117,100,200
C107,Q120,,0,,,,,,0,200
RC107,Q120,,0,,,,,,0,200
C107,Gamma1,1129.172,10,21.0,21.0,21.0,21.0,484.8820540053428,100,200
RC107,Gamma1,1997.784,16,39.59,36.0,40.0,44.0,59.34789906055857,100,200
