instance,method,distance,vehicles,ontime_mean,ontime_p05,ontime_p50,ontime_p95,tard_mean,n_customers,K
C108,SAA16-b0p3,881.0,10,26.3,26.0,26.0,27.0,436.3040846846759,100,200
RC108,SAA16-b0p3,1286.0,11,35.58,28.950000000000003,35.0,43.0,76.67021874564175,100,200
C108,Q120,,0,,,,,,0,200
RC108,Q120,1367.0,13,54.055,42.0,55.0,62.0,42.427570925975886,100,200
C108,Gamma1,1129.76,10,26.265,26.0,26.0,27.0,436.25457143411995,100,200
RC108,Gamma1,1942.97,14,44.005,36.0,44.0,53.0,48.94272604717276,100,200
