instance,method,distance,vehicles,ontime_mean,ontime_p05,ontime_p50,ontime_p95,tard_mean,n_customers,K
C109,SAA16-b0p3,903.0,10,33.25,33.0,33.0,34.0,338.72636513416,100,200
C109,Q120,953.0,11,38.24,38.0,38.0,39.0,301.5399668769511,100,200
C109,Gamma1,1172.982,10,31.21,31.0,31.0,32.0,335.4565022501143,100,200
