instance,method,distance,vehicles,ontime_mean,ontime_p05,ontime_p50,ontime_p95,tard_mean,n_customers,K
C202,SAA16-b0p3,1023.0,10,58.925,58.95,59.0,59.0,325.7410052670824,100,200
RC202,SAA16-b0p3,1341.0,9,37.435,31.0,38.0,42.0,232.72533379705354,100,200
C202,Q120,,0,,,,,,0,200
RC202,Q120,,0,,,,,,0,200
C202,Gamma1,1310.039,10,49.965,50.0,50.0,50.0,479.3094938820582,100,200
RC202,Gamma1,1778.753,9,43.42,42.0,43.0,44.0,226.03221748469358,100,200
