instance,method,distance,vehicles,ontime_mean,ontime_p05,ontime_p50,ontime_p95,tard_mean,n_customers,K
C204,SAA16-b0p3,978.0,10,87.43,87.0,87.0,88.0,103.62733097810033,100,200
RC204,SAA16-b0p3,1127.0,9,76.825,70.0,77.0,81.0,62.919247525633985,100,200
C204,Q120,,0,,,,,,0,200
RC204,Q120,,0,,,,,,0,200
C204,Gamma1,1287.27,10,82.17,82.0,82.0,83.0,93.88303651891614,100,200
RC204,Gamma1,1402.809,9,83.795,80.0,83.0,88.0,33.326997552616774,100,200
