instance,method,distance,vehicles,ontime_mean,ontime_p05,ontime_p50,ontime_p95,tard_mean,n_customers,K
C205,SAA16-b0p3,1019.0,10,33.015,33.0,33.0,33.0,883.8414978775453,100,200
RC205,SAA16-b0p3,1463.0,9,32.08,30.950000000000003,32.0,34.0,262.7371383399722,100,200
C205,Q120,,0,,,,,,0,200
RC205,Q120,,0,,,,,,0,200
C205,Gamma1,1289.169,10,26.615,26.0,26.0,28.0,856.1119830682073,100,200
RC205,Gamma1,1768.967,9,30.555,28.0,31.0,32.0,247.865295334562,100,200
