instance,method,distance,vehicles,ontime_mean,ontime_p05,ontime_p50,ontime_p95,tard_mean,n_customers,K
C208,SAA16-b0p3,1017.0,10,32.64,32.0,33.0,33.0,766.4325772001466,100,200
RC208,SAA16-b0p3,1080.0,9,76.27,73.0,76.0,81.0,26.09711165443857,100,200
C208,Q120,,0,,,,,,0,200
RC208,Q120,,0,,,,,,0,200
C208,Gamma1,1274.661,10,43.27,43.0,43.0,44.0,715.6944790259683,100,200
RC208,Gamma1,1444.052,9,75.97,68.0,77.0,80.04999999999998,30.393447271948,100,200
