instance,method,distance,vehicles,ontime_mean,ontime_p05,ontime_p50,ontime_p95,tard_mean,n_customers,K
R205,SAA16-b0p3,1111.0,8,31.315,30.0,32.0,33.0,283.7620629238467,100,200
R205,Q120,,0,,,,,,0,200
R205,Gamma1,1472.6,8,30.77,30.0,31.0,32.0,286.310901773285,100,200
