instance,method,distance,vehicles,ontime_mean,ontime_p05,ontime_p50,ontime_p95,tard_mean,n_customers,K
R207,SAA16-b0p3,960.0,8,65.715,60.0,66.0,71.0,93.41613377301957,100,200
R207,Q120,,0,,,,,,0,200
R207,Gamma1,1241.388,8,67.505,62.0,68.0,71.0,92.86310125053951,100,200
