instance,method,distance,vehicles,ontime_mean,ontime_p05,ontime_p50,ontime_p95,tard_mean,n_customers,K
RC104,SAA16-b0p3,1277.0,11,48.83,40.0,49.5,55.04999999999998,65.87634741842292,100,200
RC104,Q120,,0,,,,,,0,200
RC104,Gamma1,1890.262,14,56.105,48.0,56.0,65.04999999999998,44.10583229662696,100,200
