instance,method,distance,vehicles,ontime_mean,ontime_p05,ontime_p50,ontime_p95,tard_mean,n_customers,K
RC108,Q120,1367.0,13,54.055,42.0,55.0,62.0,42.427570925975886,100,200
RC108,Gamma1,1942.97,14,44.005,36.0,44.0,53.0,48.94272604717276,100,200
