instance,method,distance,vehicles,ontime_mean,ontime_p05,ontime_p50,ontime_p95,tard_mean,n_customers,K
RC106,SAA16-b0p3,1533.0,14,32.725,31.0,33.0,35.0,94.16830459153726,100,200
RC106,Q120,,0,,,,,,0,200
RC106,Gamma1,2231.18,18,39.09,37.0,39.0,41.0,56.179074748358,100,200
