instance,method,distance,vehicles,ontime_mean,ontime_p05,ontime_p50,ontime_p95,tard_mean,n_customers,K
RC205,SAA16-b0p3,1463.0,9,32.08,30.950000000000003,32.0,34.0,262.7371383399722,100,200
RC205,Q120,,0,,,,,,0,200
RC205,Gamma1,1768.967,9,30.555,28.0,31.0,32.0,247.865295334562,100,200
