instance,method,distance,vehicles,ontime_mean,ontime_p05,ontime_p50,ontime_p95,tard_mean,n_customers,K
RC202,SAA16-b0p3,1341.0,9,37.435,31.0,38.0,42.0,232.72533379705354,100,200
RC202,Q120,,0,,,,,,0,200
RC202,Gamma1,1778.753,9,43.42,42.0,43.0,44.0,226.03221748469358,100,200
