instance,method,distance,vehicles,ontime_mean,ontime_p05,ontime_p50,ontime_p95,tard_mean,n_customers,K
RC208,SAA16-b0p3,1080.0,9,76.27,73.0,76.0,81.0,26.09711165443857,100,200
RC208,Q120,,0,,,,,,0,200
RC208,Gamma1,1444.052,9,75.97,68.0,77.0,80.04999999999998,30.393447271948,100,200
