instance,method,distance,vehicles,ontime_mean,ontime_p05,ontime_p50,ontime_p95,tard_mean,n_customers,K
RC206,SAA16-b0p3,1279.0,9,34.19,31.0,34.0,37.0,240.45036002186316,100,200
RC206,Q120,,0,,,,,,0,200
RC206,Gamma1,1727.978,9,39.305,36.0,40.0,43.0,186.85058640347296,100,200
