instance,method,distance,vehicles,ontime_mean,ontime_p05,ontime_p50,ontime_p95,tard_mean,n_customers,K
RC201,SAA16-b0p3,1495.0,9,28.92,27.0,29.0,30.0,338.09618740605424,100,200
RC201,Q120,,0,,,,,,0,200
RC201,Gamma1,1992.304,9,24.755,23.0,25.0,25.0,330.13594186656627,100,200
