method,mean_ontime,mean_dist,n
SAA16-b0p3,98.26600261878039,1164.9259259259259,54
Q120,99.4075,1218.0,2
