method,ontime_p50,ontime_p95,ontime_mean,tard_mean
Q120,46.666666666666664,51.333333333333336,46.13666666666666,133.38940407100202
Gamma1,46.40952073930797,48.979733505265415,46.33717494089834,252.20926457989376
Champions,45.834776334776336,48.57227633477633,45.754236111111105,220.26311778158038
SAA16-b0p3,41.93226911976912,44.801911976911974,41.861107503607506,238.24356793632276
