,DET,Gamma,Q,SAA
DET,0.893,0.03566666666666666,0.03566666666666666,0.03566666666666666
Gamma,0.03566666666666666,0.893,0.03566666666666666,0.03566666666666666
Q,0.03566666666666666,0.03566666666666666,0.893,0.03566666666666666
SAA,0.03566666666666666,0.03566666666666666,0.03566666666666666,0.893
