instance,method,distance,vehicles,ontime_mean,ontime_p05,ontime_p50,ontime_p95,tard_mean,n_customers,K
C108,DET,1621.4302139862077,10,30.303030303030308,30.303030303030305,30.303030303030305,30.303030303030305,347.26282863132104,99,200
C108,Q120,,0,,,,,,0,200
C108,Gamma1,1129.76,10,26.265,26.0,26.0,27.0,436.25457143411995,100,200
