method,ontime_mean,ontime_p50,ontime_p95,tard_mean,distance,vehicles,n_rows,n_instances,n_valid
DET,30.303030303030308,30.303030303030305,30.303030303030305,347.26282863132104,1621.4302139862077,10.0,1,1,1
Gamma1,26.265,26.0,27.0,436.25457143411995,1129.76,10.0,1,1,1
Q120,,,,,,0.0,1,1,0
