method,ontime_mean,tard_mean
G2,99.98466666666667,0.0012979716864241681
G1,99.95265420159038,0.004146746782091678
Q120,99.605,0.0375599431026493
SAA64-b0p7,99.04756854256854,0.06997249361322558
SAA32-b0p5,98.8384677128427,0.08394375413819667
SAA16-b0p3,98.1804310966811,0.15149568281046477
DET,42.7116,258.3280168527352
