method,ontime_mean,tard_mean
Q120,99.605,0.0375599431026493
SAA32-b0p5,98.8384677128427,0.08394375413819667
DET,42.7116,258.3280168527352
