family,method,ontime_mean,tard_mean
C,DET,40.525,490.3180829227001
C,Q120,100.0,0.0
C,SAA32-b0p5,99.845834818776,0.012575960969319306
R,DET,45.03825,133.33198247835733
R,Q120,99.485,0.0394302898806379
R,SAA32-b0p5,98.21195652173913,0.12223586432840408
RC,DET,41.99153846153846,147.25798333720843
RC,Q120,99.33,0.0732495394273099
RC,SAA32-b0p5,98.66875,0.10472712598170564
