method,ontime_mean,tard_mean
Q120,99.605,0.0375599431026493
SAA16-b0p3,98.1804310966811,0.15149568281046477
DET,42.7116,258.3280168527352
