method,ontime_p50,ontime_p95,ontime_mean,tard_mean
Champions,45.72763347763348,48.96174062049062,45.70099978354978,220.80970089776983
