instance,method,distance,vehicles,ontime_p50,ontime_p95,tard_mean
C207,SAA16-b0p3,993.0,10,47.0,47.04999999999998,648.0571540284286
C207,Q120,,0,,,
C207,Gamma1,1277.503,10,45.0,45.04999999999998,633.5148932735474
