instance,method,distance,vehicles,ontime_p50,ontime_p95,tard_mean
C208,SAA16-b0p3,1017.0,10,33.0,33.0,766.4325772001466
C208,Q120,,0,,,
C208,Gamma1,1274.661,10,43.0,44.0,715.6944790259683
