instance,method,distance,vehicles,ontime_p50,ontime_p95,tard_mean
R107,SAA16-b0p3,1183.0,11,29.0,35.0,103.07289330281408
R107,Q120,,0,,,
R107,Gamma1,1668.271,14,45.0,51.0,55.62270113393943
