instance,method,distance,vehicles,ontime_p50,ontime_p95,tard_mean
R208,SAA16-b0p3,905.0,8,92.0,93.0,18.665822710522
R208,Q120,,0,,,
R208,Gamma1,1143.984,8,84.0,85.0,47.27614412575033
