instance,method,distance,vehicles,ontime_p50,ontime_p95,tard_mean
RC106,SAA16-b0p3,1533.0,14,33.0,35.0,94.16830459153726
RC106,Q120,,0,,,
RC106,Gamma1,2231.18,18,39.0,41.0,56.179074748358
