instance,method,distance,vehicles,ontime_p50,ontime_p95,tard_mean
RC104,SAA16-b0p3,1277.0,11,49.5,55.04999999999998,65.87634741842292
RC104,Q120,,0,,,
RC104,Gamma1,1890.262,14,56.0,65.04999999999998,44.10583229662696
