instance,method,distance,vehicles,ontime_p50,ontime_p95,tard_mean
RC203,SAA16-b0p3,1184.0,9,60.0,64.0,144.1562913168193
RC203,Q120,,0,,,
RC203,Gamma1,1514.392,9,48.0,52.0,162.40532363014017
