instance,method,distance,vehicles,ontime_p50,ontime_p95,tard_mean
C104,SAA16-b0p3,858.0,10,70.70707070707071,70.70707070707071,113.2921562166409
C104,Q120,,0,,,
C104,Gamma1,1193.012,10,74.74747474747475,74.74747474747475,112.0222797337298
