instance,method,distance,vehicles,ontime_p50,ontime_p95,tard_mean
C106,SAA16-b0p3,888.0,10,23.0,24.0,507.3939289284223
C106,Q120,,0,,,
C106,Gamma1,1231.544,11,22.0,23.0,476.4425160083681
