instance,method,distance,vehicles,ontime_p50,ontime_p95,tard_mean
R110,SAA16-b0p3,1207.0,12,36.0,39.0,82.64992429268956
R110,Q120,,0,,,
R110,Gamma1,1685.51,14,39.0,44.0,64.60727332634016
