instance,method,distance,vehicles,ontime_p50,ontime_p95,tard_mean
R112,Q120,1069.0,12,47.0,53.0,56.20067441007912
R112,Gamma1,1447.065,13,47.5,56.0,49.015727082254905
