instance,method,distance,vehicles,ontime_p50,ontime_p95,tard_mean
RC108,Q120,1367.0,13,55.0,62.0,42.427570925975886
RC108,Gamma1,1942.97,14,44.0,53.0,48.94272604717276
