instance,method,distance,vehicles,ontime_p50,ontime_p95,tard_mean
RC202,SAA16-b0p3,1341.0,9,38.0,42.0,232.72533379705357
RC202,Q120,,0,,,
RC202,Gamma1,1778.753,9,43.0,44.0,226.0322174846936
