instance,method,distance,vehicles,ontime_p50,ontime_p95,tard_mean
RC207,SAA16-b0p3,1220.0,9,50.0,53.0,119.89398877766436
RC207,Q120,,0,,,
RC207,Gamma1,1547.528,9,50.0,54.0,109.69838760452868
